:START_ID(PERSON_ID)|:END_ID(PLACE_ID)|:TYPE
933|1353|IS_LOCATED_IN
1129|519|IS_LOCATED_IN
2199023256684|306|IS_LOCATED_IN
4398046512167|1062|IS_LOCATED_IN
6597069767117|1227|IS_LOCATED_IN
10995116278700|879|IS_LOCATED_IN
17592186045684|463|IS_LOCATED_IN
21990232556027|968|IS_LOCATED_IN
21990232556585|785|IS_LOCATED_IN
24189255812290|724|IS_LOCATED_IN
26388279066636|1073|IS_LOCATED_IN
28587302322727|876|IS_LOCATED_IN
30786325578904|1176|IS_LOCATED_IN
2199023256181|139|IS_LOCATED_IN
4398046511870|441|IS_LOCATED_IN
6597069766983|1247|IS_LOCATED_IN
8796093023060|1187|IS_LOCATED_IN
13194139534485|841|IS_LOCATED_IN
19791209300372|598|IS_LOCATED_IN
26388279067350|400|IS_LOCATED_IN
26388279068275|1045|IS_LOCATED_IN
28587302322873|516|IS_LOCATED_IN
30786325578788|615|IS_LOCATED_IN
32985348834675|408|IS_LOCATED_IN
8796093023143|1377|IS_LOCATED_IN
8796093023461|599|IS_LOCATED_IN
13194139533850|993|IS_LOCATED_IN
15393162789992|200|IS_LOCATED_IN
15393162790562|1368|IS_LOCATED_IN
17592186044504|314|IS_LOCATED_IN
17592186044810|1014|IS_LOCATED_IN
19791209300058|934|IS_LOCATED_IN
21990232556714|637|IS_LOCATED_IN
28587302322741|568|IS_LOCATED_IN
32985348833558|617|IS_LOCATED_IN
2199023257128|393|IS_LOCATED_IN
4398046512764|1162|IS_LOCATED_IN
6597069766961|1262|IS_LOCATED_IN
8796093022367|1343|IS_LOCATED_IN
8796093022641|921|IS_LOCATED_IN
8796093022764|384|IS_LOCATED_IN
8796093023138|1310|IS_LOCATED_IN
15393162789410|834|IS_LOCATED_IN
19791209301403|902|IS_LOCATED_IN
19791209301577|640|IS_LOCATED_IN
21990232555940|391|IS_LOCATED_IN
24189255811398|1064|IS_LOCATED_IN
28587302322686|1078|IS_LOCATED_IN
30786325579136|969|IS_LOCATED_IN
32985348833849|1273|IS_LOCATED_IN
4398046511463|567|IS_LOCATED_IN
4398046512636|582|IS_LOCATED_IN
6597069766695|858|IS_LOCATED_IN
6597069767625|929|IS_LOCATED_IN
8796093022467|760|IS_LOCATED_IN
13194139533332|531|IS_LOCATED_IN
13194139533589|1105|IS_LOCATED_IN
15393162789707|442|IS_LOCATED_IN
21990232556536|1104|IS_LOCATED_IN
24189255811694|1211|IS_LOCATED_IN
24189255812103|726|IS_LOCATED_IN
30786325577812|1420|IS_LOCATED_IN
30786325577960|1168|IS_LOCATED_IN
30786325578795|689|IS_LOCATED_IN
30786325579035|1152|IS_LOCATED_IN
30786325579119|1035|IS_LOCATED_IN
32985348834262|975|IS_LOCATED_IN
32985348834823|1058|IS_LOCATED_IN
65|1203|IS_LOCATED_IN
2199023255981|851|IS_LOCATED_IN
2199023256530|1039|IS_LOCATED_IN
4398046511535|1258|IS_LOCATED_IN
6597069768287|819|IS_LOCATED_IN
10995116278915|502|IS_LOCATED_IN
15393162789569|1396|IS_LOCATED_IN
17592186044824|268|IS_LOCATED_IN
17592186045865|306|IS_LOCATED_IN
17592186045981|1192|IS_LOCATED_IN
19791209300474|939|IS_LOCATED_IN
19791209300739|347|IS_LOCATED_IN
19791209301463|1082|IS_LOCATED_IN
21990232556180|1377|IS_LOCATED_IN
26388279068269|482|IS_LOCATED_IN
28587302322281|226|IS_LOCATED_IN
28587302322755|454|IS_LOCATED_IN
32985348833679|1342|IS_LOCATED_IN
32985348833686|593|IS_LOCATED_IN
1219|1140|IS_LOCATED_IN
8796093022290|1225|IS_LOCATED_IN
8796093023634|426|IS_LOCATED_IN
15393162789560|112|IS_LOCATED_IN
17592186044532|265|IS_LOCATED_IN
17592186044568|494|IS_LOCATED_IN
17592186045583|1306|IS_LOCATED_IN
19791209300796|591|IS_LOCATED_IN
21990232556771|1252|IS_LOCATED_IN
21990232557176|1397|IS_LOCATED_IN
26388279067039|811|IS_LOCATED_IN
30786325578784|421|IS_LOCATED_IN
2199023255747|287|IS_LOCATED_IN
8796093023215|543|IS_LOCATED_IN
13194139533648|238|IS_LOCATED_IN
13194139533912|612|IS_LOCATED_IN
13194139534520|574|IS_LOCATED_IN
15393162789226|1165|IS_LOCATED_IN
17592186045370|1130|IS_LOCATED_IN
17592186045646|877|IS_LOCATED_IN
28587302322718|1128|IS_LOCATED_IN
30786325578724|713|IS_LOCATED_IN
30786325579394|765|IS_LOCATED_IN
2199023256405|155|IS_LOCATED_IN
2199023256919|651|IS_LOCATED_IN
6597069768005|801|IS_LOCATED_IN
10995116278292|619|IS_LOCATED_IN
10995116278973|1174|IS_LOCATED_IN
10995116279272|712|IS_LOCATED_IN
13194139534836|719|IS_LOCATED_IN
17592186046041|968|IS_LOCATED_IN
19791209301138|317|IS_LOCATED_IN
21990232555627|1178|IS_LOCATED_IN
21990232556947|1338|IS_LOCATED_IN
24189255812755|590|IS_LOCATED_IN
28587302322627|800|IS_LOCATED_IN
893|487|IS_LOCATED_IN
2199023256689|1151|IS_LOCATED_IN
6597069767495|824|IS_LOCATED_IN
10995116277924|618|IS_LOCATED_IN
13194139534927|684|IS_LOCATED_IN
15393162790078|655|IS_LOCATED_IN
19791209300852|362|IS_LOCATED_IN
21990232555895|912|IS_LOCATED_IN
21990232556476|1271|IS_LOCATED_IN
30786325579215|1126|IS_LOCATED_IN
32985348833559|924|IS_LOCATED_IN
32985348834096|340|IS_LOCATED_IN
4398046512267|1014|IS_LOCATED_IN
4398046512578|1288|IS_LOCATED_IN
6597069767747|1015|IS_LOCATED_IN
8796093023613|1331|IS_LOCATED_IN
10995116278281|1163|IS_LOCATED_IN
10995116278453|902|IS_LOCATED_IN
10995116278785|1414|IS_LOCATED_IN
13194139534569|1442|IS_LOCATED_IN
13194139534853|790|IS_LOCATED_IN
15393162789103|1433|IS_LOCATED_IN
15393162789349|1409|IS_LOCATED_IN
19791209300631|216|IS_LOCATED_IN
19791209301229|571|IS_LOCATED_IN
24189255812580|1060|IS_LOCATED_IN
28587302323655|509|IS_LOCATED_IN
30786325578056|1392|IS_LOCATED_IN
30786325579148|885|IS_LOCATED_IN
555|425|IS_LOCATED_IN
1434|1285|IS_LOCATED_IN
2199023256403|130|IS_LOCATED_IN
4398046511628|1307|IS_LOCATED_IN
13194139533460|436|IS_LOCATED_IN
13194139533792|804|IS_LOCATED_IN
13194139534257|589|IS_LOCATED_IN
17592186044519|1181|IS_LOCATED_IN
19791209300124|1416|IS_LOCATED_IN
21990232555753|1385|IS_LOCATED_IN
24189255811862|1097|IS_LOCATED_IN
24189255812574|805|IS_LOCATED_IN
24189255812733|748|IS_LOCATED_IN
30786325578144|1221|IS_LOCATED_IN
30786325578231|1016|IS_LOCATED_IN
2199023255869|1262|IS_LOCATED_IN
4398046511154|1301|IS_LOCATED_IN
4398046512637|897|IS_LOCATED_IN
8796093022386|1215|IS_LOCATED_IN
8796093023506|787|IS_LOCATED_IN
13194139533523|1140|IS_LOCATED_IN
13194139534332|305|IS_LOCATED_IN
15393162788865|1147|IS_LOCATED_IN
17592186044605|484|IS_LOCATED_IN
24189255811103|605|IS_LOCATED_IN
24189255811719|1119|IS_LOCATED_IN
24189255811782|1301|IS_LOCATED_IN
24189255812105|315|IS_LOCATED_IN
26388279066717|976|IS_LOCATED_IN
26388279066958|922|IS_LOCATED_IN
26388279067671|890|IS_LOCATED_IN
28587302323020|936|IS_LOCATED_IN
2199023256300|1033|IS_LOCATED_IN
6597069766964|605|IS_LOCATED_IN
6597069768050|353|IS_LOCATED_IN
8796093022392|945|IS_LOCATED_IN
8796093022423|1238|IS_LOCATED_IN
10995116278554|410|IS_LOCATED_IN
10995116278570|336|IS_LOCATED_IN
13194139533432|1248|IS_LOCATED_IN
13194139534384|1444|IS_LOCATED_IN
15393162790101|1303|IS_LOCATED_IN
17592186045019|703|IS_LOCATED_IN
17592186045074|253|IS_LOCATED_IN
19791209301454|1180|IS_LOCATED_IN
21990232556497|1340|IS_LOCATED_IN
30786325578670|796|IS_LOCATED_IN
32985348834776|401|IS_LOCATED_IN
1103|1410|IS_LOCATED_IN
2199023256363|805|IS_LOCATED_IN
4398046511937|1219|IS_LOCATED_IN
6597069766725|695|IS_LOCATED_IN
6597069767686|511|IS_LOCATED_IN
10995116277820|634|IS_LOCATED_IN
10995116278238|835|IS_LOCATED_IN
13194139533618|426|IS_LOCATED_IN
13194139534803|537|IS_LOCATED_IN
13194139534816|957|IS_LOCATED_IN
13194139534982|568|IS_LOCATED_IN
17592186045360|617|IS_LOCATED_IN
19791209300625|591|IS_LOCATED_IN
19791209301201|1102|IS_LOCATED_IN
21990232557038|376|IS_LOCATED_IN
24189255811654|796|IS_LOCATED_IN
24189255811940|146|IS_LOCATED_IN
26388279067627|1216|IS_LOCATED_IN
28587302322372|1151|IS_LOCATED_IN
32985348834019|782|IS_LOCATED_IN
2199023255660|1242|IS_LOCATED_IN
6597069768324|1266|IS_LOCATED_IN
8796093022634|805|IS_LOCATED_IN
8796093023519|1273|IS_LOCATED_IN
15393162789262|968|IS_LOCATED_IN
21990232556725|314|IS_LOCATED_IN
4398046511338|535|IS_LOCATED_IN
4398046512338|146|IS_LOCATED_IN
10995116278300|370|IS_LOCATED_IN
10995116279437|1064|IS_LOCATED_IN
15393162789746|1163|IS_LOCATED_IN
15393162789923|999|IS_LOCATED_IN
15393162789932|1011|IS_LOCATED_IN
15393162790207|905|IS_LOCATED_IN
17592186044864|464|IS_LOCATED_IN
17592186045340|251|IS_LOCATED_IN
19791209300370|276|IS_LOCATED_IN
21990232555889|415|IS_LOCATED_IN
24189255811086|1166|IS_LOCATED_IN
26388279067813|1209|IS_LOCATED_IN
26388279068053|572|IS_LOCATED_IN
26388279068206|1018|IS_LOCATED_IN
30786325579016|1390|IS_LOCATED_IN
30786325579247|266|IS_LOCATED_IN
512|478|IS_LOCATED_IN
1269|133|IS_LOCATED_IN
10995116279039|670|IS_LOCATED_IN
13194139533909|438|IS_LOCATED_IN
26388279067512|255|IS_LOCATED_IN
26388279067871|469|IS_LOCATED_IN
28587302322515|964|IS_LOCATED_IN
28587302323673|1341|IS_LOCATED_IN
30786325579003|1423|IS_LOCATED_IN
32985348833314|972|IS_LOCATED_IN
32985348834004|192|IS_LOCATED_IN
32985348834943|1443|IS_LOCATED_IN
407|798|IS_LOCATED_IN
1573|528|IS_LOCATED_IN
2199023255637|423|IS_LOCATED_IN
4398046511152|1249|IS_LOCATED_IN
4398046512356|449|IS_LOCATED_IN
6597069767067|537|IS_LOCATED_IN
6597069767377|257|IS_LOCATED_IN
6597069767708|1318|IS_LOCATED_IN
10995116278981|262|IS_LOCATED_IN
13194139534593|367|IS_LOCATED_IN
17592186045748|1422|IS_LOCATED_IN
19791209301284|1415|IS_LOCATED_IN
19791209301529|204|IS_LOCATED_IN
21990232556166|276|IS_LOCATED_IN
24189255811234|965|IS_LOCATED_IN
24189255812364|985|IS_LOCATED_IN
26388279067147|1164|IS_LOCATED_IN
28587302322809|487|IS_LOCATED_IN
32985348834360|1014|IS_LOCATED_IN
1242|1363|IS_LOCATED_IN
4398046511884|642|IS_LOCATED_IN
8796093022409|1416|IS_LOCATED_IN
13194139534382|672|IS_LOCATED_IN
13194139534624|342|IS_LOCATED_IN
15393162790472|1074|IS_LOCATED_IN
19791209300151|708|IS_LOCATED_IN
19791209301239|465|IS_LOCATED_IN
26388279068176|466|IS_LOCATED_IN
26388279068264|179|IS_LOCATED_IN
32985348833887|324|IS_LOCATED_IN
32985348834530|1199|IS_LOCATED_IN
32985348834919|291|IS_LOCATED_IN
102|1205|IS_LOCATED_IN
987|1266|IS_LOCATED_IN
2199023256609|1432|IS_LOCATED_IN
4398046511467|1101|IS_LOCATED_IN
4398046512201|1062|IS_LOCATED_IN
4398046512759|285|IS_LOCATED_IN
6597069766938|1197|IS_LOCATED_IN
8796093022368|826|IS_LOCATED_IN
13194139534340|1080|IS_LOCATED_IN
15393162790090|1446|IS_LOCATED_IN
19791209300787|1271|IS_LOCATED_IN
21990232556621|275|IS_LOCATED_IN
24189255811817|165|IS_LOCATED_IN
26388279067771|225|IS_LOCATED_IN
32985348833931|951|IS_LOCATED_IN
32985348834873|1131|IS_LOCATED_IN
32985348834930|267|IS_LOCATED_IN
367|180|IS_LOCATED_IN
465|346|IS_LOCATED_IN
1355|989|IS_LOCATED_IN
2199023257072|1061|IS_LOCATED_IN
10995116278730|491|IS_LOCATED_IN
13194139533817|769|IS_LOCATED_IN
15393162789401|1189|IS_LOCATED_IN
15393162790400|572|IS_LOCATED_IN
17592186045976|237|IS_LOCATED_IN
19791209299993|1177|IS_LOCATED_IN
19791209300961|413|IS_LOCATED_IN
24189255811455|810|IS_LOCATED_IN
24189255811906|636|IS_LOCATED_IN
26388279067532|1381|IS_LOCATED_IN
28587302322431|597|IS_LOCATED_IN
32985348834013|536|IS_LOCATED_IN
8796093022647|1194|IS_LOCATED_IN
8796093022909|525|IS_LOCATED_IN
10995116279227|196|IS_LOCATED_IN
15393162789112|1345|IS_LOCATED_IN
17592186045005|541|IS_LOCATED_IN
19791209300143|425|IS_LOCATED_IN
21990232556491|338|IS_LOCATED_IN
24189255811746|1379|IS_LOCATED_IN
26388279066738|930|IS_LOCATED_IN
26388279066989|363|IS_LOCATED_IN
28587302322553|1386|IS_LOCATED_IN
28587302322565|745|IS_LOCATED_IN
318|1204|IS_LOCATED_IN
2199023255558|411|IS_LOCATED_IN
2199023256593|274|IS_LOCATED_IN
4398046511734|559|IS_LOCATED_IN
4398046511962|1156|IS_LOCATED_IN
4398046512720|767|IS_LOCATED_IN
10995116279125|1041|IS_LOCATED_IN
15393162789489|1254|IS_LOCATED_IN
17592186045739|189|IS_LOCATED_IN
21990232555586|177|IS_LOCATED_IN
21990232556410|662|IS_LOCATED_IN
21990232556826|451|IS_LOCATED_IN
21990232556900|1295|IS_LOCATED_IN
24189255811155|853|IS_LOCATED_IN
24189255811164|1322|IS_LOCATED_IN
24189255812662|705|IS_LOCATED_IN
238|1410|IS_LOCATED_IN
2199023256277|550|IS_LOCATED_IN
4398046512603|679|IS_LOCATED_IN
6597069768305|1364|IS_LOCATED_IN
17592186044494|1151|IS_LOCATED_IN
17592186045693|363|IS_LOCATED_IN
28587302323431|635|IS_LOCATED_IN
30786325578568|750|IS_LOCATED_IN
32985348833546|1364|IS_LOCATED_IN
4398046512221|1150|IS_LOCATED_IN
4398046512568|677|IS_LOCATED_IN
4398046512737|839|IS_LOCATED_IN
4398046512766|858|IS_LOCATED_IN
6597069766693|407|IS_LOCATED_IN
6597069766846|958|IS_LOCATED_IN
8796093022325|1005|IS_LOCATED_IN
10995116278031|618|IS_LOCATED_IN
10995116278234|118|IS_LOCATED_IN
10995116279040|708|IS_LOCATED_IN
13194139534185|520|IS_LOCATED_IN
15393162788922|1208|IS_LOCATED_IN
15393162789792|259|IS_LOCATED_IN
21990232555934|289|IS_LOCATED_IN
24189255811099|1282|IS_LOCATED_IN
28587302323642|118|IS_LOCATED_IN
32985348833536|1136|IS_LOCATED_IN
32985348834523|276|IS_LOCATED_IN
1148|1076|IS_LOCATED_IN
2199023256298|1018|IS_LOCATED_IN
6597069768211|1194|IS_LOCATED_IN
8796093022938|167|IS_LOCATED_IN
8796093023577|620|IS_LOCATED_IN
10995116278264|223|IS_LOCATED_IN
10995116278320|1394|IS_LOCATED_IN
13194139533533|488|IS_LOCATED_IN
17592186045551|772|IS_LOCATED_IN
19791209300463|348|IS_LOCATED_IN
24189255811315|1404|IS_LOCATED_IN
28587302322250|235|IS_LOCATED_IN
28587302322865|876|IS_LOCATED_IN
30786325578711|1251|IS_LOCATED_IN
35184372089981|1064|IS_LOCATED_IN
4398046511779|554|IS_LOCATED_IN
4398046512362|414|IS_LOCATED_IN
6597069768087|788|IS_LOCATED_IN
8796093023560|225|IS_LOCATED_IN
10995116278468|1370|IS_LOCATED_IN
13194139533584|255|IS_LOCATED_IN
13194139534279|824|IS_LOCATED_IN
15393162789009|906|IS_LOCATED_IN
19791209300882|1295|IS_LOCATED_IN
28587302322247|1321|IS_LOCATED_IN
35184372090192|769|IS_LOCATED_IN
1079|775|IS_LOCATED_IN
6597069767061|484|IS_LOCATED_IN
10995116279167|1452|IS_LOCATED_IN
13194139533505|385|IS_LOCATED_IN
15393162789987|917|IS_LOCATED_IN
17592186044868|411|IS_LOCATED_IN
21990232556482|422|IS_LOCATED_IN
24189255811254|1411|IS_LOCATED_IN
32985348833548|1182|IS_LOCATED_IN
4398046511593|1189|IS_LOCATED_IN
6597069766659|866|IS_LOCATED_IN
6597069767398|1032|IS_LOCATED_IN
13194139534578|126|IS_LOCATED_IN
15393162789249|172|IS_LOCATED_IN
17592186044857|403|IS_LOCATED_IN
19791209300608|972|IS_LOCATED_IN
21990232556220|1452|IS_LOCATED_IN
26388279067571|1242|IS_LOCATED_IN
26388279068186|625|IS_LOCATED_IN
28587302322308|1122|IS_LOCATED_IN
32985348833865|427|IS_LOCATED_IN
32985348833890|1439|IS_LOCATED_IN
32985348834053|904|IS_LOCATED_IN
32985348834824|338|IS_LOCATED_IN
378|608|IS_LOCATED_IN
1222|1194|IS_LOCATED_IN
2199023256437|598|IS_LOCATED_IN
4398046511424|898|IS_LOCATED_IN
4398046512376|1022|IS_LOCATED_IN
8796093022492|1425|IS_LOCATED_IN
8796093023133|978|IS_LOCATED_IN
10995116277765|1014|IS_LOCATED_IN
15393162789983|475|IS_LOCATED_IN
21990232556010|274|IS_LOCATED_IN
21990232556299|664|IS_LOCATED_IN
26388279067358|418|IS_LOCATED_IN
26388279067551|226|IS_LOCATED_IN
28587302323281|1342|IS_LOCATED_IN
30786325578988|1327|IS_LOCATED_IN
35184372089323|586|IS_LOCATED_IN
2199023256049|123|IS_LOCATED_IN
4398046511587|981|IS_LOCATED_IN
6597069767415|1011|IS_LOCATED_IN
13194139533834|240|IS_LOCATED_IN
15393162789093|1345|IS_LOCATED_IN
15393162789604|651|IS_LOCATED_IN
17592186045572|1028|IS_LOCATED_IN
17592186045862|436|IS_LOCATED_IN
21990232555611|126|IS_LOCATED_IN
21990232556897|554|IS_LOCATED_IN
28587302322294|1130|IS_LOCATED_IN
30786325577752|388|IS_LOCATED_IN
30786325578617|827|IS_LOCATED_IN
976|305|IS_LOCATED_IN
2199023256236|393|IS_LOCATED_IN
4398046512573|638|IS_LOCATED_IN
6597069766733|605|IS_LOCATED_IN
8796093022297|280|IS_LOCATED_IN
8796093023679|141|IS_LOCATED_IN
13194139533391|1292|IS_LOCATED_IN
13194139533757|1160|IS_LOCATED_IN
19791209300178|445|IS_LOCATED_IN
24189255811227|1321|IS_LOCATED_IN
24189255812053|1017|IS_LOCATED_IN
26388279066936|398|IS_LOCATED_IN
1184|1347|IS_LOCATED_IN
2199023256427|270|IS_LOCATED_IN
8796093022983|460|IS_LOCATED_IN
13194139534142|267|IS_LOCATED_IN
15393162789228|1326|IS_LOCATED_IN
15393162790096|879|IS_LOCATED_IN
17592186045133|185|IS_LOCATED_IN
17592186045567|903|IS_LOCATED_IN
17592186045945|1199|IS_LOCATED_IN
19791209300595|764|IS_LOCATED_IN
19791209301252|1391|IS_LOCATED_IN
24189255812629|411|IS_LOCATED_IN
26388279067560|1203|IS_LOCATED_IN
26388279067849|561|IS_LOCATED_IN
26388279068195|572|IS_LOCATED_IN
28587302322950|1093|IS_LOCATED_IN
28587302323577|992|IS_LOCATED_IN
30786325579330|622|IS_LOCATED_IN
32985348834961|1058|IS_LOCATED_IN
2199023256031|1050|IS_LOCATED_IN
2199023256742|323|IS_LOCATED_IN
4398046511757|1017|IS_LOCATED_IN
6597069766678|699|IS_LOCATED_IN
6597069766944|1160|IS_LOCATED_IN
8796093023522|669|IS_LOCATED_IN
8796093023866|1439|IS_LOCATED_IN
10995116278142|1042|IS_LOCATED_IN
13194139533574|960|IS_LOCATED_IN
15393162789189|1088|IS_LOCATED_IN
15393162790221|1131|IS_LOCATED_IN
17592186044551|164|IS_LOCATED_IN
21990232555851|1107|IS_LOCATED_IN
24189255812587|1152|IS_LOCATED_IN
28587302322616|1203|IS_LOCATED_IN
28587302322760|837|IS_LOCATED_IN
30786325579063|604|IS_LOCATED_IN
32985348834735|1062|IS_LOCATED_IN
454|596|IS_LOCATED_IN
2199023256576|274|IS_LOCATED_IN
4398046512306|432|IS_LOCATED_IN
6597069766821|126|IS_LOCATED_IN
8796093022611|366|IS_LOCATED_IN
8796093023897|325|IS_LOCATED_IN
10995116279144|1201|IS_LOCATED_IN
15393162789514|290|IS_LOCATED_IN
21990232555639|443|IS_LOCATED_IN
24189255811574|1055|IS_LOCATED_IN
26388279067708|449|IS_LOCATED_IN
28587302322814|844|IS_LOCATED_IN
28587302323296|667|IS_LOCATED_IN
35184372089375|1086|IS_LOCATED_IN
94|135|IS_LOCATED_IN
1182|285|IS_LOCATED_IN
2199023255922|308|IS_LOCATED_IN
4398046511389|980|IS_LOCATED_IN
4398046511596|495|IS_LOCATED_IN
8796093022661|212|IS_LOCATED_IN
8796093022887|399|IS_LOCATED_IN
15393162789219|1195|IS_LOCATED_IN
17592186044425|510|IS_LOCATED_IN
19791209299984|1284|IS_LOCATED_IN
19791209300147|426|IS_LOCATED_IN
24189255811381|1360|IS_LOCATED_IN
24189255811677|1248|IS_LOCATED_IN
24189255812374|1040|IS_LOCATED_IN
26388279067047|1186|IS_LOCATED_IN
28587302322631|1329|IS_LOCATED_IN
28587302323591|783|IS_LOCATED_IN
32985348834107|512|IS_LOCATED_IN
1509|1226|IS_LOCATED_IN
8796093022410|1342|IS_LOCATED_IN
8796093022928|463|IS_LOCATED_IN
8796093023539|1253|IS_LOCATED_IN
10995116278291|599|IS_LOCATED_IN
17592186045096|819|IS_LOCATED_IN
19791209301540|199|IS_LOCATED_IN
26388279066869|1300|IS_LOCATED_IN
28587302322817|1278|IS_LOCATED_IN
30786325578057|1381|IS_LOCATED_IN
30786325578676|1086|IS_LOCATED_IN
32985348833313|969|IS_LOCATED_IN
1161|432|IS_LOCATED_IN
2199023256388|592|IS_LOCATED_IN
4398046511684|1398|IS_LOCATED_IN
8796093022963|342|IS_LOCATED_IN
13194139534916|1421|IS_LOCATED_IN
17592186045093|762|IS_LOCATED_IN
17592186045382|1087|IS_LOCATED_IN
19791209300004|255|IS_LOCATED_IN
19791209300167|779|IS_LOCATED_IN
19791209301332|724|IS_LOCATED_IN
21990232556811|564|IS_LOCATED_IN
24189255811358|769|IS_LOCATED_IN
24189255811643|1047|IS_LOCATED_IN
24189255812756|211|IS_LOCATED_IN
26388279066791|117|IS_LOCATED_IN
32985348833995|209|IS_LOCATED_IN
32985348834329|615|IS_LOCATED_IN
459|1239|IS_LOCATED_IN
2199023255663|380|IS_LOCATED_IN
4398046512349|1194|IS_LOCATED_IN
8796093022665|844|IS_LOCATED_IN
10995116278113|499|IS_LOCATED_IN
10995116278647|1264|IS_LOCATED_IN
19791209300851|451|IS_LOCATED_IN
19791209301054|570|IS_LOCATED_IN
21990232556472|791|IS_LOCATED_IN
21990232557143|120|IS_LOCATED_IN
26388279067585|1307|IS_LOCATED_IN
26388279067669|588|IS_LOCATED_IN
28587302323441|1179|IS_LOCATED_IN
28587302323592|1074|IS_LOCATED_IN
28587302323606|209|IS_LOCATED_IN
30786325578513|1242|IS_LOCATED_IN
30786325579109|528|IS_LOCATED_IN
2199023255936|510|IS_LOCATED_IN
2199023257206|1109|IS_LOCATED_IN
10995116278396|347|IS_LOCATED_IN
13194139534668|1313|IS_LOCATED_IN
15393162788906|966|IS_LOCATED_IN
15393162790062|1239|IS_LOCATED_IN
17592186045168|1009|IS_LOCATED_IN
19791209300081|161|IS_LOCATED_IN
19791209300793|936|IS_LOCATED_IN
19791209300814|199|IS_LOCATED_IN
21990232555683|1100|IS_LOCATED_IN
26388279067695|1309|IS_LOCATED_IN
250|273|IS_LOCATED_IN
1490|910|IS_LOCATED_IN
2199023256552|1305|IS_LOCATED_IN
2199023256566|635|IS_LOCATED_IN
4398046512194|742|IS_LOCATED_IN
4398046512521|961|IS_LOCATED_IN
6597069767184|716|IS_LOCATED_IN
8796093022445|383|IS_LOCATED_IN
8796093023000|461|IS_LOCATED_IN
8796093023813|136|IS_LOCATED_IN
8796093023907|710|IS_LOCATED_IN
10995116277907|203|IS_LOCATED_IN
15393162790365|1134|IS_LOCATED_IN
19791209300443|857|IS_LOCATED_IN
21990232556433|1192|IS_LOCATED_IN
24189255811801|1093|IS_LOCATED_IN
26388279067472|596|IS_LOCATED_IN
26388279067478|481|IS_LOCATED_IN
28587302322753|1257|IS_LOCATED_IN
28587302323054|1292|IS_LOCATED_IN
30786325578585|773|IS_LOCATED_IN
1690|1232|IS_LOCATED_IN
2199023255817|1385|IS_LOCATED_IN
2199023255855|1037|IS_LOCATED_IN
4398046512206|1053|IS_LOCATED_IN
4398046512532|930|IS_LOCATED_IN
4398046512649|598|IS_LOCATED_IN
8796093022582|570|IS_LOCATED_IN
10995116279328|1425|IS_LOCATED_IN
13194139534652|588|IS_LOCATED_IN
15393162790347|1126|IS_LOCATED_IN
17592186044461|1264|IS_LOCATED_IN
17592186045896|633|IS_LOCATED_IN
17592186046016|394|IS_LOCATED_IN
19791209300483|767|IS_LOCATED_IN
21990232555834|823|IS_LOCATED_IN
24189255811275|335|IS_LOCATED_IN
26388279067906|1190|IS_LOCATED_IN
28587302322286|880|IS_LOCATED_IN
30786325578088|280|IS_LOCATED_IN
30786325578383|121|IS_LOCATED_IN
1050|510|IS_LOCATED_IN
1274|1076|IS_LOCATED_IN
2199023257063|1095|IS_LOCATED_IN
4398046511396|957|IS_LOCATED_IN
8796093022749|669|IS_LOCATED_IN
8796093022789|1066|IS_LOCATED_IN
10995116278541|1348|IS_LOCATED_IN
13194139533984|1253|IS_LOCATED_IN
13194139534154|163|IS_LOCATED_IN
13194139534730|1051|IS_LOCATED_IN
15393162789529|165|IS_LOCATED_IN
19791209300405|1314|IS_LOCATED_IN
24189255812765|1150|IS_LOCATED_IN
28587302323035|262|IS_LOCATED_IN
30786325578292|647|IS_LOCATED_IN
30786325578525|436|IS_LOCATED_IN
32985348834092|1306|IS_LOCATED_IN
2199023256459|1050|IS_LOCATED_IN
2199023256668|584|IS_LOCATED_IN
6597069767013|944|IS_LOCATED_IN
6597069767300|831|IS_LOCATED_IN
10995116278869|964|IS_LOCATED_IN
10995116279006|402|IS_LOCATED_IN
15393162789578|257|IS_LOCATED_IN
19791209300021|764|IS_LOCATED_IN
19791209301374|830|IS_LOCATED_IN
21990232556141|944|IS_LOCATED_IN
26388279066868|1429|IS_LOCATED_IN
26388279067952|488|IS_LOCATED_IN
28587302322499|1205|IS_LOCATED_IN
30786325578747|424|IS_LOCATED_IN
32985348834718|178|IS_LOCATED_IN
32985348834867|1452|IS_LOCATED_IN
1481|680|IS_LOCATED_IN
6597069768129|732|IS_LOCATED_IN
8796093023493|188|IS_LOCATED_IN
13194139534191|388|IS_LOCATED_IN
15393162789696|883|IS_LOCATED_IN
15393162789787|1178|IS_LOCATED_IN
15393162789933|1307|IS_LOCATED_IN
17592186045512|709|IS_LOCATED_IN
17592186045528|711|IS_LOCATED_IN
30786325577992|1364|IS_LOCATED_IN
30786325578060|357|IS_LOCATED_IN
2199023255953|621|IS_LOCATED_IN
6597069767464|254|IS_LOCATED_IN
6597069767470|1140|IS_LOCATED_IN
8796093022541|1145|IS_LOCATED_IN
10995116278652|267|IS_LOCATED_IN
13194139534354|1080|IS_LOCATED_IN
15393162789850|941|IS_LOCATED_IN
15393162789951|1109|IS_LOCATED_IN
17592186044686|1109|IS_LOCATED_IN
24189255811707|491|IS_LOCATED_IN
24189255812361|825|IS_LOCATED_IN
26388279067183|120|IS_LOCATED_IN
26388279068296|513|IS_LOCATED_IN
30786325577774|750|IS_LOCATED_IN
30786325578794|696|IS_LOCATED_IN
32985348834625|1197|IS_LOCATED_IN
1160|927|IS_LOCATED_IN
1549|252|IS_LOCATED_IN
2199023256472|978|IS_LOCATED_IN
10995116278980|569|IS_LOCATED_IN
13194139534141|1374|IS_LOCATED_IN
13194139534684|1449|IS_LOCATED_IN
15393162788893|452|IS_LOCATED_IN
15393162790510|211|IS_LOCATED_IN
21990232555617|172|IS_LOCATED_IN
21990232556962|459|IS_LOCATED_IN
24189255812639|991|IS_LOCATED_IN
26388279066664|588|IS_LOCATED_IN
30786325578286|1317|IS_LOCATED_IN
1564|567|IS_LOCATED_IN
6597069767433|1447|IS_LOCATED_IN
15393162790005|164|IS_LOCATED_IN
17592186045334|1374|IS_LOCATED_IN
19791209300020|678|IS_LOCATED_IN
19791209301290|693|IS_LOCATED_IN
19791209301563|281|IS_LOCATED_IN
21990232555658|807|IS_LOCATED_IN
21990232556469|947|IS_LOCATED_IN
21990232556605|194|IS_LOCATED_IN
26388279068009|1211|IS_LOCATED_IN
26388279068150|1418|IS_LOCATED_IN
32985348834326|1421|IS_LOCATED_IN
267|639|IS_LOCATED_IN
2199023256097|608|IS_LOCATED_IN
2199023257232|947|IS_LOCATED_IN
4398046511163|227|IS_LOCATED_IN
4398046511700|1105|IS_LOCATED_IN
4398046512162|956|IS_LOCATED_IN
6597069767226|184|IS_LOCATED_IN
10995116277995|652|IS_LOCATED_IN
13194139533320|958|IS_LOCATED_IN
13194139533366|131|IS_LOCATED_IN
13194139533653|117|IS_LOCATED_IN
15393162789699|183|IS_LOCATED_IN
17592186045813|422|IS_LOCATED_IN
19791209300479|328|IS_LOCATED_IN
26388279068074|401|IS_LOCATED_IN
28587302323193|1130|IS_LOCATED_IN
30786325578194|135|IS_LOCATED_IN
32985348834027|174|IS_LOCATED_IN
32985348834174|1417|IS_LOCATED_IN
2199023255685|1181|IS_LOCATED_IN
2199023256081|829|IS_LOCATED_IN
4398046511395|140|IS_LOCATED_IN
4398046511822|373|IS_LOCATED_IN
4398046512548|845|IS_LOCATED_IN
8796093023034|570|IS_LOCATED_IN
10995116277882|307|IS_LOCATED_IN
13194139534420|999|IS_LOCATED_IN
13194139534938|1185|IS_LOCATED_IN
15393162789081|1173|IS_LOCATED_IN
15393162789162|1011|IS_LOCATED_IN
15393162790014|715|IS_LOCATED_IN
17592186044691|311|IS_LOCATED_IN
19791209300326|1056|IS_LOCATED_IN
21990232556882|186|IS_LOCATED_IN
28587302322527|696|IS_LOCATED_IN
30786325579101|1422|IS_LOCATED_IN
939|1267|IS_LOCATED_IN
2199023257226|1364|IS_LOCATED_IN
4398046512002|383|IS_LOCATED_IN
6597069768080|1274|IS_LOCATED_IN
8796093023296|930|IS_LOCATED_IN
13194139534376|467|IS_LOCATED_IN
13194139534721|1129|IS_LOCATED_IN
13194139534862|1140|IS_LOCATED_IN
17592186045891|1385|IS_LOCATED_IN
19791209300973|899|IS_LOCATED_IN
19791209301168|1308|IS_LOCATED_IN
19791209301475|172|IS_LOCATED_IN
26388279066848|113|IS_LOCATED_IN
26388279067086|959|IS_LOCATED_IN
26388279068081|365|IS_LOCATED_IN
28587302322790|1154|IS_LOCATED_IN
28587302323291|1001|IS_LOCATED_IN
30786325579397|912|IS_LOCATED_IN
32985348833315|786|IS_LOCATED_IN
2199023256456|268|IS_LOCATED_IN
2199023257034|969|IS_LOCATED_IN
4398046511117|1410|IS_LOCATED_IN
6597069767551|392|IS_LOCATED_IN
6597069767620|275|IS_LOCATED_IN
10995116279387|1055|IS_LOCATED_IN
13194139533433|1416|IS_LOCATED_IN
13194139533859|1289|IS_LOCATED_IN
19791209299986|1332|IS_LOCATED_IN
19791209301132|1058|IS_LOCATED_IN
24189255812045|1220|IS_LOCATED_IN
24189255812607|706|IS_LOCATED_IN
28587302322288|139|IS_LOCATED_IN
28587302322737|325|IS_LOCATED_IN
28587302322763|385|IS_LOCATED_IN
30786325578455|1295|IS_LOCATED_IN
35184372088899|801|IS_LOCATED_IN
2199023255760|1438|IS_LOCATED_IN
2199023256718|1427|IS_LOCATED_IN
10995116278268|1440|IS_LOCATED_IN
10995116279193|1297|IS_LOCATED_IN
10995116279270|238|IS_LOCATED_IN
15393162789214|1262|IS_LOCATED_IN
15393162790398|949|IS_LOCATED_IN
17592186045679|381|IS_LOCATED_IN
21990232556982|976|IS_LOCATED_IN
24189255811500|801|IS_LOCATED_IN
24189255811778|263|IS_LOCATED_IN
28587302322256|791|IS_LOCATED_IN
32985348834301|938|IS_LOCATED_IN
32985348834536|495|IS_LOCATED_IN
32985348834575|1323|IS_LOCATED_IN
32985348834937|1350|IS_LOCATED_IN
619|595|IS_LOCATED_IN
4398046511667|264|IS_LOCATED_IN
10995116278033|961|IS_LOCATED_IN
15393162789174|745|IS_LOCATED_IN
15393162789653|1220|IS_LOCATED_IN
19791209300068|975|IS_LOCATED_IN
19791209300507|998|IS_LOCATED_IN
21990232556997|1204|IS_LOCATED_IN
24189255812006|302|IS_LOCATED_IN
24189255812685|1072|IS_LOCATED_IN
26388279067805|464|IS_LOCATED_IN
28587302323191|294|IS_LOCATED_IN
30786325577834|556|IS_LOCATED_IN
30786325577980|1328|IS_LOCATED_IN
32985348833653|1064|IS_LOCATED_IN
668|1132|IS_LOCATED_IN
2199023256178|709|IS_LOCATED_IN
2199023256452|986|IS_LOCATED_IN
2199023256893|781|IS_LOCATED_IN
4398046511763|1086|IS_LOCATED_IN
10995116278350|954|IS_LOCATED_IN
10995116278799|242|IS_LOCATED_IN
10995116278966|882|IS_LOCATED_IN
10995116279452|1158|IS_LOCATED_IN
13194139534267|1374|IS_LOCATED_IN
15393162788965|599|IS_LOCATED_IN
15393162789614|523|IS_LOCATED_IN
17592186044731|1229|IS_LOCATED_IN
19791209301605|665|IS_LOCATED_IN
21990232555987|720|IS_LOCATED_IN
21990232556344|511|IS_LOCATED_IN
21990232556508|174|IS_LOCATED_IN
21990232556886|1276|IS_LOCATED_IN
21990232557097|510|IS_LOCATED_IN
24189255811776|787|IS_LOCATED_IN
24189255812268|1440|IS_LOCATED_IN
26388279067498|1425|IS_LOCATED_IN
26388279067534|564|IS_LOCATED_IN
26388279068069|1153|IS_LOCATED_IN
28587302322689|1122|IS_LOCATED_IN
2199023256233|1073|IS_LOCATED_IN
6597069767575|1106|IS_LOCATED_IN
6597069768070|1008|IS_LOCATED_IN
6597069768078|1260|IS_LOCATED_IN
10995116279159|899|IS_LOCATED_IN
13194139533331|1452|IS_LOCATED_IN
15393162789760|913|IS_LOCATED_IN
15393162790289|342|IS_LOCATED_IN
15393162790395|1189|IS_LOCATED_IN
21990232555801|490|IS_LOCATED_IN
21990232557079|457|IS_LOCATED_IN
24189255811887|467|IS_LOCATED_IN
24189255811922|205|IS_LOCATED_IN
26388279068077|491|IS_LOCATED_IN
28587302323661|1302|IS_LOCATED_IN
30786325579222|499|IS_LOCATED_IN
32985348834171|1383|IS_LOCATED_IN
2199023256077|1266|IS_LOCATED_IN
2199023256536|1120|IS_LOCATED_IN
4398046512733|184|IS_LOCATED_IN
10995116278757|331|IS_LOCATED_IN
15393162789953|232|IS_LOCATED_IN
19791209300324|626|IS_LOCATED_IN
19791209301471|1111|IS_LOCATED_IN
19791209301519|263|IS_LOCATED_IN
26388279067618|192|IS_LOCATED_IN
28587302322471|522|IS_LOCATED_IN
30786325577859|695|IS_LOCATED_IN
30786325578258|1120|IS_LOCATED_IN
143|1142|IS_LOCATED_IN
4398046511290|1005|IS_LOCATED_IN
4398046512440|519|IS_LOCATED_IN
8796093023893|219|IS_LOCATED_IN
10995116279192|254|IS_LOCATED_IN
13194139534076|564|IS_LOCATED_IN
15393162789010|1207|IS_LOCATED_IN
17592186044459|148|IS_LOCATED_IN
17592186044732|913|IS_LOCATED_IN
19791209300831|1143|IS_LOCATED_IN
21990232555531|350|IS_LOCATED_IN
24189255812380|576|IS_LOCATED_IN
30786325578029|586|IS_LOCATED_IN
30786325579121|668|IS_LOCATED_IN
2199023256347|289|IS_LOCATED_IN
6597069766797|502|IS_LOCATED_IN
6597069767572|788|IS_LOCATED_IN
8796093023291|1194|IS_LOCATED_IN
10995116278184|159|IS_LOCATED_IN
10995116278873|716|IS_LOCATED_IN
15393162789274|578|IS_LOCATED_IN
15393162790303|237|IS_LOCATED_IN
15393162790411|692|IS_LOCATED_IN
17592186044897|721|IS_LOCATED_IN
19791209301286|1312|IS_LOCATED_IN
19791209301294|516|IS_LOCATED_IN
26388279066931|1199|IS_LOCATED_IN
28587302323211|771|IS_LOCATED_IN
772|1332|IS_LOCATED_IN
6597069767868|1069|IS_LOCATED_IN
10995116278636|1140|IS_LOCATED_IN
17592186045089|1363|IS_LOCATED_IN
19791209300359|621|IS_LOCATED_IN
19791209300990|425|IS_LOCATED_IN
19791209301546|191|IS_LOCATED_IN
24189255811726|984|IS_LOCATED_IN
24189255812657|486|IS_LOCATED_IN
26388279067051|136|IS_LOCATED_IN
28587302322327|957|IS_LOCATED_IN
28587302323722|573|IS_LOCATED_IN
30786325578109|268|IS_LOCATED_IN
30786325578224|893|IS_LOCATED_IN
32985348833537|1402|IS_LOCATED_IN
32985348834284|805|IS_LOCATED_IN
1276|1029|IS_LOCATED_IN
2199023256520|321|IS_LOCATED_IN
6597069766870|1390|IS_LOCATED_IN
6597069767755|1093|IS_LOCATED_IN
10995116278259|293|IS_LOCATED_IN
10995116278566|1227|IS_LOCATED_IN
13194139533344|737|IS_LOCATED_IN
13194139534410|1071|IS_LOCATED_IN
19791209300761|1313|IS_LOCATED_IN
26388279067635|770|IS_LOCATED_IN
26388279067734|391|IS_LOCATED_IN
30786325577877|1118|IS_LOCATED_IN
30786325578316|1444|IS_LOCATED_IN
30786325579380|1322|IS_LOCATED_IN
32985348833579|624|IS_LOCATED_IN
985|248|IS_LOCATED_IN
1125|952|IS_LOCATED_IN
2199023256881|1393|IS_LOCATED_IN
6597069768154|411|IS_LOCATED_IN
6597069768236|366|IS_LOCATED_IN
19791209300656|797|IS_LOCATED_IN
19791209300830|1006|IS_LOCATED_IN
19791209300839|713|IS_LOCATED_IN
21990232555850|1178|IS_LOCATED_IN
24189255811312|755|IS_LOCATED_IN
24189255811566|1447|IS_LOCATED_IN
24189255812446|775|IS_LOCATED_IN
26388279067897|341|IS_LOCATED_IN
28587302323862|1146|IS_LOCATED_IN
1131|282|IS_LOCATED_IN
2199023256086|1142|IS_LOCATED_IN
2199023256321|1318|IS_LOCATED_IN
4398046511845|486|IS_LOCATED_IN
6597069767125|934|IS_LOCATED_IN
10995116278269|1054|IS_LOCATED_IN
13194139533427|445|IS_LOCATED_IN
13194139533535|163|IS_LOCATED_IN
13194139534234|392|IS_LOCATED_IN
17592186044991|444|IS_LOCATED_IN
19791209300402|1408|IS_LOCATED_IN
24189255811876|909|IS_LOCATED_IN
26388279066764|1422|IS_LOCATED_IN
28587302323579|702|IS_LOCATED_IN
28587302323597|491|IS_LOCATED_IN
30786325578485|368|IS_LOCATED_IN
30786325578938|357|IS_LOCATED_IN
32985348834519|955|IS_LOCATED_IN
35184372089012|1435|IS_LOCATED_IN
8796093022438|933|IS_LOCATED_IN
8796093022574|1438|IS_LOCATED_IN
8796093022765|288|IS_LOCATED_IN
8796093023199|330|IS_LOCATED_IN
8796093023903|766|IS_LOCATED_IN
15393162790022|480|IS_LOCATED_IN
19791209300845|888|IS_LOCATED_IN
19791209301621|780|IS_LOCATED_IN
21990232555692|557|IS_LOCATED_IN
21990232556713|844|IS_LOCATED_IN
21990232556988|515|IS_LOCATED_IN
24189255812669|761|IS_LOCATED_IN
26388279067066|1298|IS_LOCATED_IN
30786325578362|1063|IS_LOCATED_IN
32985348834064|1414|IS_LOCATED_IN
32985348834682|1310|IS_LOCATED_IN
4398046511712|1118|IS_LOCATED_IN
4398046512387|286|IS_LOCATED_IN
4398046512527|612|IS_LOCATED_IN
17592186045604|590|IS_LOCATED_IN
19791209301023|429|IS_LOCATED_IN
24189255812226|206|IS_LOCATED_IN
24189255812426|750|IS_LOCATED_IN
26388279067248|269|IS_LOCATED_IN
26388279067924|470|IS_LOCATED_IN
30786325578935|1104|IS_LOCATED_IN
32985348834794|822|IS_LOCATED_IN
344|867|IS_LOCATED_IN
2199023255987|409|IS_LOCATED_IN
4398046512492|874|IS_LOCATED_IN
17592186045594|278|IS_LOCATED_IN
19791209301496|219|IS_LOCATED_IN
21990232556463|1307|IS_LOCATED_IN
28587302322974|471|IS_LOCATED_IN
28587302323783|672|IS_LOCATED_IN
30786325578914|1094|IS_LOCATED_IN
32985348834036|1253|IS_LOCATED_IN
471|515|IS_LOCATED_IN
2199023255871|1248|IS_LOCATED_IN
2199023256744|1182|IS_LOCATED_IN
6597069767347|264|IS_LOCATED_IN
8796093022728|1250|IS_LOCATED_IN
13194139534451|1343|IS_LOCATED_IN
15393162790474|381|IS_LOCATED_IN
17592186045028|148|IS_LOCATED_IN
17592186045864|940|IS_LOCATED_IN
19791209299968|285|IS_LOCATED_IN
21990232556614|994|IS_LOCATED_IN
24189255812535|549|IS_LOCATED_IN
28587302322824|679|IS_LOCATED_IN
28587302323139|1081|IS_LOCATED_IN
28587302323141|1074|IS_LOCATED_IN
28587302323238|546|IS_LOCATED_IN
32985348834066|1084|IS_LOCATED_IN
941|659|IS_LOCATED_IN
4398046511426|773|IS_LOCATED_IN
6597069767348|973|IS_LOCATED_IN
15393162789346|898|IS_LOCATED_IN
19791209300562|1229|IS_LOCATED_IN
19791209300921|1248|IS_LOCATED_IN
19791209301505|1422|IS_LOCATED_IN
24189255811326|564|IS_LOCATED_IN
26388279067441|1396|IS_LOCATED_IN
28587302322676|883|IS_LOCATED_IN
30786325578629|579|IS_LOCATED_IN
30786325579091|839|IS_LOCATED_IN
32985348834768|266|IS_LOCATED_IN
290|755|IS_LOCATED_IN
2199023255949|963|IS_LOCATED_IN
6597069767904|662|IS_LOCATED_IN
6597069768334|310|IS_LOCATED_IN
8796093023851|1141|IS_LOCATED_IN
10995116278796|706|IS_LOCATED_IN
10995116278912|846|IS_LOCATED_IN
13194139533440|126|IS_LOCATED_IN
13194139534913|1413|IS_LOCATED_IN
15393162790476|217|IS_LOCATED_IN
21990232556302|884|IS_LOCATED_IN
24189255811638|1444|IS_LOCATED_IN
26388279066885|866|IS_LOCATED_IN
28587302322537|919|IS_LOCATED_IN
32985348834570|1284|IS_LOCATED_IN
1644|1029|IS_LOCATED_IN
6597069766914|843|IS_LOCATED_IN
6597069767635|1091|IS_LOCATED_IN
6597069767668|1309|IS_LOCATED_IN
26388279067760|604|IS_LOCATED_IN
30786325578600|1123|IS_LOCATED_IN
30786325578755|1082|IS_LOCATED_IN
32985348833434|1314|IS_LOCATED_IN
32985348833702|677|IS_LOCATED_IN
4398046511747|424|IS_LOCATED_IN
4398046511941|278|IS_LOCATED_IN
6597069766711|1075|IS_LOCATED_IN
6597069767341|1312|IS_LOCATED_IN
6597069768034|178|IS_LOCATED_IN
8796093022975|1227|IS_LOCATED_IN
10995116278228|1385|IS_LOCATED_IN
17592186045803|1307|IS_LOCATED_IN
17592186046083|1318|IS_LOCATED_IN
19791209301522|410|IS_LOCATED_IN
21990232556837|446|IS_LOCATED_IN
24189255812295|1350|IS_LOCATED_IN
26388279067331|395|IS_LOCATED_IN
30786325578963|855|IS_LOCATED_IN
32985348833834|1327|IS_LOCATED_IN
32985348834678|471|IS_LOCATED_IN
32985348834886|1357|IS_LOCATED_IN
974|621|IS_LOCATED_IN
2199023255725|390|IS_LOCATED_IN
4398046511246|184|IS_LOCATED_IN
6597069767375|979|IS_LOCATED_IN
6597069768004|721|IS_LOCATED_IN
6597069768320|1342|IS_LOCATED_IN
8796093022412|616|IS_LOCATED_IN
10995116279349|1103|IS_LOCATED_IN
15393162789624|643|IS_LOCATED_IN
21990232556760|1210|IS_LOCATED_IN
21990232557068|726|IS_LOCATED_IN
24189255811079|339|IS_LOCATED_IN
26388279067868|769|IS_LOCATED_IN
28587302322487|1133|IS_LOCATED_IN
30786325578737|797|IS_LOCATED_IN
30786325579189|1299|IS_LOCATED_IN
30786325579399|941|IS_LOCATED_IN
32985348833660|1413|IS_LOCATED_IN
788|923|IS_LOCATED_IN
2199023256634|1407|IS_LOCATED_IN
4398046512142|310|IS_LOCATED_IN
6597069767887|1093|IS_LOCATED_IN
6597069768056|273|IS_LOCATED_IN
8796093022946|916|IS_LOCATED_IN
17592186044943|977|IS_LOCATED_IN
17592186045645|883|IS_LOCATED_IN
19791209300199|764|IS_LOCATED_IN
21990232555571|1178|IS_LOCATED_IN
21990232555686|992|IS_LOCATED_IN
21990232556206|1423|IS_LOCATED_IN
21990232556992|294|IS_LOCATED_IN
24189255811671|1313|IS_LOCATED_IN
28587302322524|799|IS_LOCATED_IN
28587302322854|801|IS_LOCATED_IN
32985348833438|780|IS_LOCATED_IN
32985348833979|549|IS_LOCATED_IN
32985348834576|765|IS_LOCATED_IN
1419|540|IS_LOCATED_IN
8796093022435|445|IS_LOCATED_IN
17592186046110|1072|IS_LOCATED_IN
19791209301112|724|IS_LOCATED_IN
26388279067527|884|IS_LOCATED_IN
32985348834334|1287|IS_LOCATED_IN
32985348834723|1175|IS_LOCATED_IN
35184372090183|1425|IS_LOCATED_IN
709|795|IS_LOCATED_IN
2199023255887|1366|IS_LOCATED_IN
2199023257135|1048|IS_LOCATED_IN
2199023257239|862|IS_LOCATED_IN
4398046511145|185|IS_LOCATED_IN
6597069766998|1344|IS_LOCATED_IN
6597069767400|976|IS_LOCATED_IN
13194139533500|627|IS_LOCATED_IN
15393162788911|1356|IS_LOCATED_IN
15393162789077|567|IS_LOCATED_IN
19791209301592|1280|IS_LOCATED_IN
24189255811573|1364|IS_LOCATED_IN
26388279067426|845|IS_LOCATED_IN
26388279067479|685|IS_LOCATED_IN
28587302323373|919|IS_LOCATED_IN
30786325578320|1393|IS_LOCATED_IN
583|482|IS_LOCATED_IN
609|255|IS_LOCATED_IN
2199023255940|228|IS_LOCATED_IN
4398046512486|1046|IS_LOCATED_IN
8796093022821|728|IS_LOCATED_IN
10995116278976|645|IS_LOCATED_IN
10995116279236|1277|IS_LOCATED_IN
13194139533927|405|IS_LOCATED_IN
13194139534915|311|IS_LOCATED_IN
15393162789090|946|IS_LOCATED_IN
15393162789575|933|IS_LOCATED_IN
17592186045078|1123|IS_LOCATED_IN
19791209301217|1434|IS_LOCATED_IN
26388279067159|1110|IS_LOCATED_IN
26388279067562|190|IS_LOCATED_IN
28587302323268|232|IS_LOCATED_IN
30786325578441|1110|IS_LOCATED_IN
2199023256351|479|IS_LOCATED_IN
4398046511185|729|IS_LOCATED_IN
4398046512441|593|IS_LOCATED_IN
10995116278925|698|IS_LOCATED_IN
13194139533588|1133|IS_LOCATED_IN
13194139534548|477|IS_LOCATED_IN
15393162790438|1147|IS_LOCATED_IN
15393162790462|157|IS_LOCATED_IN
17592186045280|1413|IS_LOCATED_IN
19791209301102|1301|IS_LOCATED_IN
21990232555771|1223|IS_LOCATED_IN
21990232556263|1134|IS_LOCATED_IN
26388279067862|1160|IS_LOCATED_IN
30786325578075|313|IS_LOCATED_IN
30786325578932|999|IS_LOCATED_IN
32985348834655|742|IS_LOCATED_IN
4398046511241|1050|IS_LOCATED_IN
4398046511592|743|IS_LOCATED_IN
6597069767274|295|IS_LOCATED_IN
6597069767432|191|IS_LOCATED_IN
8796093022449|606|IS_LOCATED_IN
13194139534161|1091|IS_LOCATED_IN
17592186045408|755|IS_LOCATED_IN
19791209300634|772|IS_LOCATED_IN
21990232555524|554|IS_LOCATED_IN
21990232555958|1019|IS_LOCATED_IN
21990232556707|1359|IS_LOCATED_IN
26388279067581|513|IS_LOCATED_IN
28587302322870|1219|IS_LOCATED_IN
30786325577977|1222|IS_LOCATED_IN
30786325578245|522|IS_LOCATED_IN
30786325579401|1249|IS_LOCATED_IN
32985348833533|607|IS_LOCATED_IN
32985348834423|588|IS_LOCATED_IN
32985348834483|1136|IS_LOCATED_IN
2199023255562|632|IS_LOCATED_IN
4398046511672|547|IS_LOCATED_IN
8796093023470|1055|IS_LOCATED_IN
13194139533606|221|IS_LOCATED_IN
15393162789084|1129|IS_LOCATED_IN
15393162789204|307|IS_LOCATED_IN
21990232556252|541|IS_LOCATED_IN
21990232556376|273|IS_LOCATED_IN
24189255812653|649|IS_LOCATED_IN
26388279067923|990|IS_LOCATED_IN
32985348833329|144|IS_LOCATED_IN
443|1322|IS_LOCATED_IN
2199023255688|847|IS_LOCATED_IN
2199023256849|1080|IS_LOCATED_IN
13194139533482|593|IS_LOCATED_IN
17592186044439|877|IS_LOCATED_IN
17592186045497|686|IS_LOCATED_IN
19791209300504|1356|IS_LOCATED_IN
21990232556429|597|IS_LOCATED_IN
21990232556761|496|IS_LOCATED_IN
24189255811171|363|IS_LOCATED_IN
24189255812001|1065|IS_LOCATED_IN
24189255812047|956|IS_LOCATED_IN
26388279068177|726|IS_LOCATED_IN
26388279068220|507|IS_LOCATED_IN
28587302323136|832|IS_LOCATED_IN
30786325577784|1086|IS_LOCATED_IN
30786325578911|1242|IS_LOCATED_IN
30786325579297|213|IS_LOCATED_IN
2199023256524|840|IS_LOCATED_IN
6597069766720|1061|IS_LOCATED_IN
10995116278525|334|IS_LOCATED_IN
15393162788989|1331|IS_LOCATED_IN
15393162790223|1367|IS_LOCATED_IN
19791209300317|1041|IS_LOCATED_IN
24189255811277|426|IS_LOCATED_IN
24189255812660|155|IS_LOCATED_IN
26388279067108|1052|IS_LOCATED_IN
26388279067637|394|IS_LOCATED_IN
28587302322530|986|IS_LOCATED_IN
28587302322548|1222|IS_LOCATED_IN
28587302323345|939|IS_LOCATED_IN
32985348833478|829|IS_LOCATED_IN
32985348833670|1254|IS_LOCATED_IN
683|576|IS_LOCATED_IN
2199023256776|236|IS_LOCATED_IN
4398046511180|1342|IS_LOCATED_IN
4398046512001|343|IS_LOCATED_IN
6597069766850|1204|IS_LOCATED_IN
6597069767729|778|IS_LOCATED_IN
8796093023237|1425|IS_LOCATED_IN
8796093023668|161|IS_LOCATED_IN
10995116278236|409|IS_LOCATED_IN
10995116278308|1331|IS_LOCATED_IN
13194139534270|228|IS_LOCATED_IN
17592186045573|209|IS_LOCATED_IN
21990232556847|652|IS_LOCATED_IN
26388279067378|252|IS_LOCATED_IN
28587302323701|793|IS_LOCATED_IN
28587302323855|860|IS_LOCATED_IN
30786325578608|761|IS_LOCATED_IN
30786325578896|464|IS_LOCATED_IN
4398046512494|679|IS_LOCATED_IN
8796093023234|919|IS_LOCATED_IN
10995116278223|1040|IS_LOCATED_IN
10995116278835|504|IS_LOCATED_IN
10995116279118|626|IS_LOCATED_IN
15393162789859|325|IS_LOCATED_IN
17592186045229|765|IS_LOCATED_IN
19791209300454|1240|IS_LOCATED_IN
19791209301312|981|IS_LOCATED_IN
21990232556903|386|IS_LOCATED_IN
24189255811663|1011|IS_LOCATED_IN
32985348833404|1304|IS_LOCATED_IN
96|405|IS_LOCATED_IN
2199023256280|134|IS_LOCATED_IN
8796093022970|269|IS_LOCATED_IN
13194139533469|492|IS_LOCATED_IN
13194139534229|1448|IS_LOCATED_IN
15393162789111|529|IS_LOCATED_IN
17592186045261|1085|IS_LOCATED_IN
19791209300091|1275|IS_LOCATED_IN
19791209301600|248|IS_LOCATED_IN
21990232556916|269|IS_LOCATED_IN
21990232557037|1047|IS_LOCATED_IN
26388279067796|854|IS_LOCATED_IN
28587302322552|239|IS_LOCATED_IN
30786325578215|614|IS_LOCATED_IN
870|1142|IS_LOCATED_IN
932|590|IS_LOCATED_IN
1077|1256|IS_LOCATED_IN
1521|499|IS_LOCATED_IN
2199023256154|796|IS_LOCATED_IN
2199023256862|692|IS_LOCATED_IN
2199023257143|1157|IS_LOCATED_IN
4398046511367|229|IS_LOCATED_IN
4398046512696|653|IS_LOCATED_IN
6597069767831|825|IS_LOCATED_IN
6597069768240|117|IS_LOCATED_IN
10995116279093|949|IS_LOCATED_IN
13194139533725|1406|IS_LOCATED_IN
15393162789907|631|IS_LOCATED_IN
19791209300775|884|IS_LOCATED_IN
21990232556381|1122|IS_LOCATED_IN
24189255811481|167|IS_LOCATED_IN
28587302323823|563|IS_LOCATED_IN
32985348833467|656|IS_LOCATED_IN
32985348834796|793|IS_LOCATED_IN
296|643|IS_LOCATED_IN
2199023256219|1368|IS_LOCATED_IN
2199023256872|1084|IS_LOCATED_IN
2199023257187|1267|IS_LOCATED_IN
4398046511177|442|IS_LOCATED_IN
8796093022995|1069|IS_LOCATED_IN
10995116278496|1205|IS_LOCATED_IN
10995116279287|684|IS_LOCATED_IN
13194139533493|1086|IS_LOCATED_IN
13194139534143|198|IS_LOCATED_IN
15393162790403|1065|IS_LOCATED_IN
15393162790406|187|IS_LOCATED_IN
17592186044737|449|IS_LOCATED_IN
17592186045165|1181|IS_LOCATED_IN
19791209300579|1286|IS_LOCATED_IN
21990232555794|746|IS_LOCATED_IN
21990232556018|128|IS_LOCATED_IN
21990232556990|450|IS_LOCATED_IN
26388279067442|483|IS_LOCATED_IN
28587302323213|615|IS_LOCATED_IN
30786325577905|720|IS_LOCATED_IN
30786325578329|153|IS_LOCATED_IN
30786325578887|575|IS_LOCATED_IN
32985348833378|137|IS_LOCATED_IN
32985348833975|192|IS_LOCATED_IN
768|1011|IS_LOCATED_IN
2199023255798|1020|IS_LOCATED_IN
8796093023346|1273|IS_LOCATED_IN
8796093023550|1141|IS_LOCATED_IN
10995116278625|1082|IS_LOCATED_IN
15393162788866|642|IS_LOCATED_IN
21990232556528|170|IS_LOCATED_IN
24189255812556|250|IS_LOCATED_IN
26388279067054|892|IS_LOCATED_IN
345|1082|IS_LOCATED_IN
2199023255898|1331|IS_LOCATED_IN
4398046512397|124|IS_LOCATED_IN
6597069767242|1440|IS_LOCATED_IN
8796093023738|439|IS_LOCATED_IN
8796093023825|795|IS_LOCATED_IN
10995116278336|992|IS_LOCATED_IN
10995116278412|1299|IS_LOCATED_IN
10995116279075|1226|IS_LOCATED_IN
10995116279273|944|IS_LOCATED_IN
15393162789815|1325|IS_LOCATED_IN
17592186044729|866|IS_LOCATED_IN
17592186044994|399|IS_LOCATED_IN
17592186045212|210|IS_LOCATED_IN
26388279066948|1039|IS_LOCATED_IN
26388279068083|313|IS_LOCATED_IN
28587302323385|303|IS_LOCATED_IN
30786325578760|231|IS_LOCATED_IN
35184372089449|1365|IS_LOCATED_IN
1259|525|IS_LOCATED_IN
2199023255952|1147|IS_LOCATED_IN
2199023256008|183|IS_LOCATED_IN
2199023257044|1068|IS_LOCATED_IN
6597069767674|208|IS_LOCATED_IN
8796093023655|894|IS_LOCATED_IN
8796093023884|409|IS_LOCATED_IN
10995116277846|725|IS_LOCATED_IN
15393162790043|611|IS_LOCATED_IN
15393162790151|1244|IS_LOCATED_IN
17592186044808|158|IS_LOCATED_IN
17592186044865|821|IS_LOCATED_IN
19791209301153|502|IS_LOCATED_IN
19791209301298|1123|IS_LOCATED_IN
24189255811211|534|IS_LOCATED_IN
28587302322837|1316|IS_LOCATED_IN
28587302323276|759|IS_LOCATED_IN
32985348834407|753|IS_LOCATED_IN
32985348834585|1405|IS_LOCATED_IN
2199023255821|640|IS_LOCATED_IN
4398046511322|883|IS_LOCATED_IN
6597069767732|872|IS_LOCATED_IN
10995116278627|1358|IS_LOCATED_IN
15393162789076|1414|IS_LOCATED_IN
19791209301121|1142|IS_LOCATED_IN
19791209301139|342|IS_LOCATED_IN
21990232556787|628|IS_LOCATED_IN
24189255811116|841|IS_LOCATED_IN
26388279067685|487|IS_LOCATED_IN
28587302322597|1430|IS_LOCATED_IN
28587302322946|160|IS_LOCATED_IN
30786325579179|410|IS_LOCATED_IN
32985348834922|140|IS_LOCATED_IN
2199023256816|111|IS_LOCATED_IN
4398046511904|846|IS_LOCATED_IN
6597069767149|1298|IS_LOCATED_IN
6597069767679|1319|IS_LOCATED_IN
6597069767836|1289|IS_LOCATED_IN
8796093023107|1446|IS_LOCATED_IN
8796093023561|833|IS_LOCATED_IN
10995116278436|720|IS_LOCATED_IN
10995116278874|182|IS_LOCATED_IN
19791209300153|724|IS_LOCATED_IN
19791209300771|186|IS_LOCATED_IN
19791209301354|529|IS_LOCATED_IN
24189255811240|1162|IS_LOCATED_IN
24189255811953|1408|IS_LOCATED_IN
26388279066654|1369|IS_LOCATED_IN
30786325578370|599|IS_LOCATED_IN
30786325579117|454|IS_LOCATED_IN
32985348833796|1202|IS_LOCATED_IN
959|1334|IS_LOCATED_IN
2199023256418|320|IS_LOCATED_IN
2199023256586|746|IS_LOCATED_IN
4398046511332|1127|IS_LOCATED_IN
6597069767301|983|IS_LOCATED_IN
6597069767359|336|IS_LOCATED_IN
6597069767457|1110|IS_LOCATED_IN
8796093022668|618|IS_LOCATED_IN
19791209300828|295|IS_LOCATED_IN
19791209301329|353|IS_LOCATED_IN
21990232556642|696|IS_LOCATED_IN
21990232556891|876|IS_LOCATED_IN
24189255811140|791|IS_LOCATED_IN
28587302322743|949|IS_LOCATED_IN
2199023256125|1340|IS_LOCATED_IN
4398046511736|507|IS_LOCATED_IN
10995116279283|1209|IS_LOCATED_IN
13194139533784|240|IS_LOCATED_IN
13194139534430|254|IS_LOCATED_IN
15393162789687|1050|IS_LOCATED_IN
15393162789769|238|IS_LOCATED_IN
15393162790275|591|IS_LOCATED_IN
17592186045238|1312|IS_LOCATED_IN
19791209300404|1304|IS_LOCATED_IN
26388279066928|270|IS_LOCATED_IN
32985348834605|504|IS_LOCATED_IN
32985348834879|906|IS_LOCATED_IN
2199023256264|946|IS_LOCATED_IN
4398046511442|661|IS_LOCATED_IN
4398046511753|575|IS_LOCATED_IN
6597069767571|765|IS_LOCATED_IN
8796093023017|604|IS_LOCATED_IN
8796093023094|358|IS_LOCATED_IN
13194139533770|579|IS_LOCATED_IN
13194139534724|231|IS_LOCATED_IN
15393162790430|185|IS_LOCATED_IN
17592186045044|669|IS_LOCATED_IN
21990232555803|521|IS_LOCATED_IN
21990232556500|794|IS_LOCATED_IN
24189255812419|661|IS_LOCATED_IN
26388279067003|423|IS_LOCATED_IN
28587302323229|703|IS_LOCATED_IN
32985348833798|1084|IS_LOCATED_IN
6597069766993|1250|IS_LOCATED_IN
6597069767407|398|IS_LOCATED_IN
6597069767884|1104|IS_LOCATED_IN
6597069768060|1265|IS_LOCATED_IN
10995116278353|604|IS_LOCATED_IN
10995116279298|260|IS_LOCATED_IN
13194139534770|348|IS_LOCATED_IN
17592186045405|378|IS_LOCATED_IN
19791209300190|777|IS_LOCATED_IN
19791209301664|354|IS_LOCATED_IN
21990232556441|1374|IS_LOCATED_IN
21990232556833|820|IS_LOCATED_IN
26388279066795|190|IS_LOCATED_IN
26388279068235|888|IS_LOCATED_IN
28587302323858|532|IS_LOCATED_IN
30786325579180|410|IS_LOCATED_IN
32985348833505|1278|IS_LOCATED_IN
998|1051|IS_LOCATED_IN
6597069768275|958|IS_LOCATED_IN
8796093022727|269|IS_LOCATED_IN
10995116278224|1268|IS_LOCATED_IN
15393162790300|958|IS_LOCATED_IN
17592186044592|1177|IS_LOCATED_IN
19791209301538|1380|IS_LOCATED_IN
26388279067574|1328|IS_LOCATED_IN
30786325578640|1011|IS_LOCATED_IN
32985348833676|346|IS_LOCATED_IN
32985348834373|943|IS_LOCATED_IN
150|745|IS_LOCATED_IN
702|751|IS_LOCATED_IN
2199023256310|180|IS_LOCATED_IN
4398046511257|1319|IS_LOCATED_IN
4398046512244|723|IS_LOCATED_IN
4398046512662|1004|IS_LOCATED_IN
6597069766719|600|IS_LOCATED_IN
6597069767851|1071|IS_LOCATED_IN
10995116278210|925|IS_LOCATED_IN
15393162789655|1042|IS_LOCATED_IN
15393162790167|1216|IS_LOCATED_IN
17592186045047|1366|IS_LOCATED_IN
17592186045085|1215|IS_LOCATED_IN
17592186045578|642|IS_LOCATED_IN
19791209300572|461|IS_LOCATED_IN
19791209300874|1197|IS_LOCATED_IN
19791209301543|1191|IS_LOCATED_IN
21990232555650|714|IS_LOCATED_IN
26388279066830|1405|IS_LOCATED_IN
26388279067561|911|IS_LOCATED_IN
26388279067910|836|IS_LOCATED_IN
26388279068034|205|IS_LOCATED_IN
26388279068113|756|IS_LOCATED_IN
28587302322939|1015|IS_LOCATED_IN
30786325577964|971|IS_LOCATED_IN
32985348833673|782|IS_LOCATED_IN
32985348833854|985|IS_LOCATED_IN
32985348834375|599|IS_LOCATED_IN
2199023257240|1386|IS_LOCATED_IN
10995116277788|1363|IS_LOCATED_IN
10995116278286|469|IS_LOCATED_IN
10995116279390|150|IS_LOCATED_IN
13194139533439|681|IS_LOCATED_IN
15393162789417|919|IS_LOCATED_IN
15393162790168|552|IS_LOCATED_IN
17592186044862|1194|IS_LOCATED_IN
17592186045792|684|IS_LOCATED_IN
19791209301554|567|IS_LOCATED_IN
21990232556650|256|IS_LOCATED_IN
26388279067625|948|IS_LOCATED_IN
28587302323430|1148|IS_LOCATED_IN
28587302323682|795|IS_LOCATED_IN
687|252|IS_LOCATED_IN
4398046512303|262|IS_LOCATED_IN
8796093022369|135|IS_LOCATED_IN
17592186045549|627|IS_LOCATED_IN
19791209300159|796|IS_LOCATED_IN
19791209300639|1003|IS_LOCATED_IN
24189255812246|473|IS_LOCATED_IN
26388279066662|747|IS_LOCATED_IN
28587302323175|1125|IS_LOCATED_IN
28587302323283|294|IS_LOCATED_IN
32985348833794|1395|IS_LOCATED_IN
32985348834100|567|IS_LOCATED_IN
